tweet_id	user_id	created_at	text	start	end	span	drug
837822633886408704	184620477	2017-03-04	@HGmoms spoke with my nurse this morning! We adjusted the rate on my zofran pump. :)	69	75	zofran	zofran
535864537753591808	2551446475	2014-11-21	@Fragula I'm not allowe to take laxatives so I take fiber gummies, which are sexy and exotic because here they're fibre gummies. Oh la la!	32	41	laxatives	laxatives
535864537753591808	2551446475	2014-11-21	@Fragula I'm not allowe to take laxatives so I take fiber gummies, which are sexy and exotic because here they're fibre gummies. Oh la la!	52	65	fiber gummies	fiber gummies
871923045794848768	2325283274	2017-06-06	@TakinHearts_ ğŸ˜‚ğŸ˜‚ğŸ˜‚ I hope that don't happen to me I'm running until I get back on birth control	81	94	birth control	birth control
790389820065517568	1486889246	2016-10-24	Tums are triflin	0	4	Tums	tums
691132253338873856	252235856	2016-01-24	Bouta take some night quil ğŸ¤˜ğŸ½	16	26	night quil	nyquil
290665207246766083	24324898	2013-01-14	@RaynaJaye @jennabennabear sudafed	27	34	sudafed	sudafed
784911154032283649	1624005649	2016-10-09	when you get given the worst cough in the universe and all you can take is honey and lemon with a side of paracetamol ğŸ˜‘	106	117	paracetamol	paracetamol
554911377928630273	2799031971	2015-01-13	Should have taken Benadryl.. I need sleep!	18	26	Benadryl	benadryl
697613348993634308	177251944	2016-02-11	I woke up with the sorest throat and stiffest neck today. It actually feels worse now. Blah. #Advil #bed #ihateviruses	94	99	Advil	advil
761918382597824512	252235856	2016-08-06	I'm really chilling out on taking these damn Benadryls at night, they're becoming addictive.	45	54	Benadryls	benadryl
885494256907018241	273724560	2017-07-13	Then got an epidural ğŸ™‹â€â™€ï¸ğŸ‘	12	20	epidural	epidural
692189393025699844	1959451166	2016-01-27	@pugzznotdrugz i hated depo, so i switched as soon as i could. And yeah! it works for up to 3 years and you don't even notice it. I've heard	23	27	depo	depo-provera
839017777230819328	184620477	2017-03-07	@slouisebuck sorry you're suffering. ğŸ˜” I lost 35 pounds in January due to HG. Now, I'm 22 weeks &amp; doing well with a zofran pump. I hope your	120	126	zofran	zofran
557169854608732161	2799031971	2015-01-19	Broke my water and started pitocin ğŸ˜	27	34	pitocin	pitocin
402841821443014657	18660643	2013-11-19	Okay, Soooo. . . I have a real-life friend who has started injections for IVF!!!! Please, please, please throw... http://t.co/KrYKsBH2ia	59	77	injections for IVF	IVF injection
728720210228809730	177251944	2016-05-06	@NewfiePete77 Watch the Tylenol ingestion with the day/night pills and acetaminophen together! #nerdalert	24	31	Tylenol	tylenol
728720210228809730	177251944	2016-05-06	@NewfiePete77 Watch the Tylenol ingestion with the day/night pills and acetaminophen together! #nerdalert	71	84	acetaminophen	acetaminophen
741863477375967232	252235856	2016-06-12	Yoooo, can somebody drop me off a Benadryl?	34	42	Benadryl	benadryl
464049969712730115	23474083	2014-05-07	Take advantage of the NEW @VPX_Sports Redline White Heat Preworkout Promo! http://t.co/qd65435j3B #vpx #preworkout #fitness #whiteheat	46	67	White Heat Preworkout	white heat preworkout
325426552093433856	18660643	2013-04-20	I did my first injection of Lupron today :D Feeling sooo proud of myself for being able to do it on my own!!! I... http://t.co/7YRBQ5bYNe	28	34	Lupron	lupron
861165753470402561	184620477	2017-05-07	Woke up abruptly and panicking because I heard beeping. I thought it was an alarm. It was just time for a syringe change.. hah! #zofranpump	129	135	zofran	zofran
586367370177875969	2774612401	2015-04-10	Prenatals are doing magic to my hair ğŸ˜ğŸ˜	0	9	Prenatals	prenatal vitamins
328672545018609664	18660643	2013-04-29	I was definitely a lot faster prepping my Menopur. . . much smoother today, but my poor belly is starting to look... http://t.co/hVXAz9NVVv	42	49	Menopur	menopur
433646877469585408	2233368694	2014-02-12	@sunnygirl48176 That's fantastic! Did you take aspirin, shots, or nothing during pregnancy?	47	54	aspirin	aspirin
776423041119100928	15258494	2016-09-15	Y'all...18 mg a day is not enough to get through the week. #ConcertaProblems #ADDandPregnant #Thursday	60	68	Concerta	concerta
857804261182152705	184620477	2017-04-28	Sooooo.. my Zofran pump broke for the night. Relying on dissolvables until my new pump arrives. Here's to hoping this goes okay.	12	18	Zofran	zofran
586234830842687488	1671438583	2015-04-09	In quite a lot of pain painkilers don't touch it ğŸ˜	23	33	painkilers	painkillers
206788470667091969	27153940	2012-05-27	I really really want to cut my hair. These prenatals r keeping it growing and frankly... It's too damn hot ğŸ”¥	43	52	prenatals	prenatal vitamins
446247376677007360	17084008	2014-03-19	are the strawberry gaviscon any nicer than the mint ones?	19	27	gaviscon	gaviscon
815284796523851777	184620477	2016-12-31	I love finding out via google that I'm going to be sick for the next week while I'm on this antibiotic ğŸ™ƒ	92	102	antibiotic	antibiotic
559458644744364032	2333890110	2015-01-25	@_ccxvi_ yeah I kno but that epidural will have yu like wtf where the perks at	29	37	epidural	epidural
553049822911926272	2799031971	2015-01-08	I'm so scared my epidural will wear off right before I have to push ğŸ™ˆğŸ˜£	17	25	epidural	epidural
847701551456047105	184620477	2017-03-31	Please don't tell a woman with HG that Zofran is a big no and Diclegis works perfectly if you take it consistently.	39	45	Zofran	zofran
847701551456047105	184620477	2017-03-31	Please don't tell a woman with HG that Zofran is a big no and Diclegis works perfectly if you take it consistently.	62	70	Diclegis	diclegis
703635267631054848	177251944	2016-02-27	@rozinck Awesome news! Warfarin adjustment can be a pain in the butt for the first few weeks/months but hopefully they will level out soon.	23	31	Warfarin	warfarin
811329296157569024	19546372	2016-12-20	@ashbergh Antibiotics make me even more hungry. Piggy:)	10	21	Antibiotics	antibiotics
903151752307892228	2325283274	2017-08-31	i need to get on birth control faaaaaaaassssst because this nigga be trying it ğŸ˜©	17	30	birth control	birth control
323094973950087168	24324898	2013-04-13	I was thinking about slipping my dog a little ambien &amp; just pulling her teeth myself. #thingsmymothersays #fb	46	52	ambien	ambien
535682726766985216	203224571	2014-11-21	Benadryl, bedtime snack, and New Girl. The party is getting real.	0	8	Benadryl	benadryl
421170705892642816	2233368694	2014-01-09	Taking #Zofran before bed helps me not puke in the morning, but I still feel nauseous all day. #pregnant	8	14	Zofran	zofran
708837488647741440	177251944	2016-03-13	@frenchfries1970 Been there. It sucks. Do you have any Gaviscon??	55	63	Gaviscon	gaviscon
615550198090219520	1959451166	2015-06-29	I hate these prenatal vitamins. They are so hard to swallow ğŸ˜­ğŸ˜­	13	30	prenatal vitamins	prenatal vitamins
683604776353845248	131689562	2016-01-03	I don't have my nausea pills for tonight.. so I'm probably going to die tomorrow... ğŸ˜³	16	28	nausea pills	nausea pills
818653724923064321	2511267649	2017-01-10	@yinyahya because i support weed. not tobacco. not cancer. not nicotine. weed is what you need.. not tobacco.	63	71	nicotine	nicotine
779859453164326912	18851743	2016-09-25	Doling out tums one by one to pregnant ladies is some real bullshit, Vanderbilt	11	15	tums	tums
692121331261915136	177251944	2016-01-26	@jerryleewilson I don't envy you. Sinus congestion/infections/inflammation is so painful. Until you experience it you don't realize #Sudafed	133	140	Sudafed	sudafed
476772969759670272	23474083	2014-06-11	#WellnessWednesday: 5 Ways to Ease a Hangover! Shop vitamin B â†’ http://t.co/3vRMFbUc2A #health #hangover #HumpDay http://t.co/wsi3Vx42wb	52	61	vitamin B	vitamin B
482226216502431744	23474083	2014-06-26	#HDSpecial! @Cellucor: Buy 1 COR Creatine, Get 1 50% OFF! Shop Now â†’ http://t.co/z5r0UEokcr	29	41	COR Creatine	COR creatine
473877646276038657	23474083	2014-06-03	Have you tried Gotu Kola? There's so many benefits! Shop now â†’ http://t.co/LUX31OvS4G #health #droz #TipTuesday http://t.co/4UmbI1U0kk	15	24	Gotu Kola	gotu kola
735615125974089733	177251944	2016-05-25	@smitten_kitten_ Hope you aren't too swollen tomorrow!!! I've as much as possible for the first 24 hours!! And don't skip the Advil ğŸ˜‰	126	131	Advil	advil
783486626232238080	177251944	2016-10-05	My man cold from last week had actually progressed to a full fledged ear infection. Hoping these antibiotics kick in soon.	97	108	antibiotics	antibiotics
425129436703227904	23474083	2014-01-20	Retweet if you take #melatonin. http://t.co/EQ5Zjt7bjz	21	30	melatonin	melatonin
716026657551810561	1624005649	2016-04-01	#NowPlaying Nicotine and Alcohol Saved My Life by Deaf Havana â™« https://t.co/zFOY1Zc1dY	12	20	Nicotine	nicotine
326769531789910016	18660643	2013-04-23	I'm on day 5 of Lupron and the only significant symptom I'm feeling is that my bones hurt :| My shoulder and hips... http://t.co/SuarPZ2Tr8	16	22	Lupron	lupron
726960315120926722	177251944	2016-05-02	Chewing these like a champ to get through this game. #stress #Gaviscon #raptors https://t.co/87iJHFvumz	62	70	Gaviscon	gaviscon
558077901476995074	1671438583	2015-01-22	Bloody toothache keeping me awake painkillers aren't working swirling brandy isn't working. I need sleep.	34	45	painkillers	pain medicine
870703775735926784	184620477	2017-06-02	After 17.5 weeks, I said goodbye to my Zofran pump yesterday. I think I'm gonna miss that guy for the rest of this pregnancy. #hglife	39	45	Zofran	zofran
730468623114997760	252235856	2016-05-11	@___princessBRE I don't want an epidural ğŸ˜‚ğŸ˜‚ğŸ˜­ I swear I'm sooo serious. I already made my birth plan, I don't want them asking me about an	32	40	epidural	epidural
888575510825107456	2720032941	2017-07-22	@shyne____ Yeah, I got percs. Ion even take them things thou ion like the feeling.. I took one and felt like I was on cloud 1000..ğŸ˜‚ğŸ˜‚	23	28	percs	percocet
491669814059208704	2654172200	2014-07-22	I had my eye removed today! Feels much better... had som tea and am now sleeping off my anaesthetic :)â€¦ http://t.co/CboYqSarxZ	88	99	anaesthetic	anesthetic
703951224828256256	177251944	2016-02-28	This heartburn is real. Nexium Gaviscon and Tums can't even fight it. Damn wings. They get me every time!	24	30	Nexium	nexium
703951224828256256	177251944	2016-02-28	This heartburn is real. Nexium Gaviscon and Tums can't even fight it. Damn wings. They get me every time!	31	39	Gaviscon	gaviscon
703951224828256256	177251944	2016-02-28	This heartburn is real. Nexium Gaviscon and Tums can't even fight it. Damn wings. They get me every time!	44	48	Tums	tums
868008928931717120	266291909	2017-05-26	I really don't want to get out but I don't think I'll ever get back to sleep if I don't go buy some tums. ğŸ˜­ğŸ¤°ğŸ»	100	104	tums	tums
619329784028528641	2557491804	2015-07-10	Thank you tylenol for doing absolutely nothing for my contractionsğŸ˜’	10	17	tylenol	tylenol
480702835936722944	253887404	2014-06-22	I've been so dead set against getting the epidural..but FUUUUUUUCK this hurts worse than being hit by a car.	42	50	epidural	epidural
539106187086925825	2799031971	2014-11-30	@MommyDanika I've done the bath tub, heating pad, and Tylenol. They won't go away. It's miserable. I was up all night crying.	54	61	Tylenol	tylenol
891327850384691200	2459971471	2017-07-29	I'm going to be so drained today I forgot to take my iron pill â˜¹ï¸.	53	62	iron pill	iron pill
401441627904147456	23474083	2013-11-15	Jeremiah does a review on Melatonin! Coming soon on our youtube channel :) http://t.co/r32GY9eJzc	26	35	Melatonin	melatonin
726219538161782784	2611021686	2016-04-30	The ambien kicked in and Karen is here talkin my head off I'm about to throw my remote at her forehead	4	10	ambien	ambien
556871191336464385	2799031971	2015-01-18	I'm so scared that my epidural is not gonna work ğŸ˜­ğŸ˜­ I'm in full panic mode.	22	30	epidural	epidural
719743128740102144	2225738424	2016-04-12	@JazzyPooh_14 I even drink it to take my prenatal pills, I'm a weirdoğŸ˜‚	41	55	prenatal pills	prenatal vitamins
739619878244634624	177251944	2016-06-06	@HfxJohnny BODY GLIDE before you walk. If it's red and irritated afterwards some Hydrocortisone cream always helps with short term use.	81	101	Hydrocortisone cream	hydrocortisone cream
811998447360471040	165916824	2016-12-22	@hamblin_harlie no they're holding off until 4 bc the nurses didn't give me enough gels last night &amp;started me late on pitosin today ğŸ™„ğŸ˜­	123	130	pitosin	pitocin
763786038967988224	252235856	2016-08-11	@Chocolate_jade_ oh lawdğŸ˜­ğŸ˜­ that's kinda why I want to get the epidural ğŸ˜© so I won't feel stitches ğŸ˜‚	62	70	epidural	epidural
747629429577367552	193027294	2016-06-28	Sprite and Zantac.. Maybe ğŸ• wasn't the best idea. ğŸ˜‚  #pregnancyissues #itsnotrainbowsandunicorns	11	17	Zantac	zantac
856890026205958144	184620477	2017-04-25	My iron pill makes me me feel crappy as heck. ğŸ™„	3	12	iron pill	iron pill
555223860044263425	2799031971	2015-01-14	Bout to be in a Benadryl induced coma ğŸ˜´	16	24	Benadryl	benadryl
803229356172656641	252235856	2016-11-28	@PrettyAnd_Tall ğŸ¤”ğŸ¤” I might get the IUD then ğŸ˜­ğŸ˜­ğŸ˜‚	35	38	IUD	IUD
847555554847412225	251918855	2017-03-30	So much information on vaccines. Oh my.	23	31	vaccines	vaccines
420573248443912193	18660643	2014-01-07	Balloon is out and it did its job... I'm now at 5cm and we've just started a little pitocin :)	84	91	pitocin	pitocin
855318461920051200	184620477	2017-04-21	I can't stomach prenatals or any other vitamins to help, so being able to stomach something nutritious for my baby is a big thing to me. â¤ï¸	16	25	prenatals	prenatals
855318461920051200	184620477	2017-04-21	I can't stomach prenatals or any other vitamins to help, so being able to stomach something nutritious for my baby is a big thing to me. â¤ï¸	39	47	vitamins	vitamins
635949425538392064	23707743	2015-08-24	@DAMchildsmom he's been ok'd my his doc to take baby Benadryl.... Just saying.	53	61	Benadryl	benadryl
758766128948715522	19546372	2016-07-28	Blonde, Botox, boobs. Fat cunt will love her.  #CelebrityBigBrother	8	13	Botox	botox
419004563631665153	2233368694	2014-01-03	I take a baby aspirin every night before bed, for my #FactorVLeiden, and I throw it back up every morning #fvl #pregnancyproblems #conundrum	9	21	baby aspirin	baby aspirin
290668589529309185	24324898	2013-01-14	@jennabennabear @RaynaJaye sudafed .	27	34	sudafed	sudafed
672441813966417920	166065099	2015-12-03	Soo about to see how this castor oil works ğŸ˜‚ come on Mason.	26	36	castor oil	castor oil
783166304811376641	252235856	2016-10-04	They say if you take a Benadryl it'll knock you and your baby out, only my child will be in my belly having a dollar party still ğŸ™„	23	31	Benadryl	benadryl
833171600019124224	184620477	2017-02-19	My zofran pump is my biggest insecurity right now, but it saved mine &amp; my babies life. That usually helps me ignore the staresğŸ’•#hyperemesis	3	9	zofran	zofran
754474500041875456	177251944	2016-07-17	Laying in from of the TV listening to the campfire channel on TV. My Saturday nights have become so tame. #PJs #water #Gaviscon	119	127	Gaviscon	gaviscon
229720787731488768	27153940	2012-07-29	Tums are my new best friend	0	4	Tums	tums
750961697716834304	177251944	2016-07-07	Heartburn woke me up at 4:30am. C'mon Gaviscon, do your thing!!	38	46	Gaviscon	gaviscon
430874815571193856	2233368694	2014-02-05	A horrible migraine kept me from working a full day at work. Also, half my department has the flu. Hopefully my flu shot works!!	112	120	flu shot	flu vaccine
396081700759162880	18660643	2013-11-01	I liked a @YouTube video http://t.co/BQZgSflNlV Lupron self injection.. Yikes!	48	54	Lupron	lupron
556106113197023232	2333890110	2015-01-16	@Audii_5000 awwe mane where that epidural at ğŸ˜©ğŸ˜©	33	41	epidural	epidural
770072998334324738	464229717	2016-08-29	@goodvibesbritt best advice you can ever get, drink a gallon of water and take a Tylenol before you go out love!! Lol happy early bdayğŸ»ğŸºğŸ»ğŸºğŸ»	81	88	Tylenol	tylenol
716070014416134144	208231808	2016-04-02	@landon707 It's an old one &amp; absolutely absurd. Type 1 diabetics go on insulin to save their lives. They don't magically develop DM from GMO	75	82	insulin	insulin
874313666212106240	441759984	2017-06-12	Jesus Christ how did I let myself run out of painkillers??  Fuuuuuuuck I can barely move out of bed!	45	56	painkillers	painkillers
742826616355721216	20229575	2016-06-14	I can't type properly tonight! Too much TV and flu medication... I'm going back to my sofa home.	47	61	flu medication	flu medication
789125795088306178	539178650	2016-10-20	The only thing I hate about IUD are the cramps ğŸ’†ğŸ» like wtf I feel like imma die sometimes	28	31	IUD	IUD
854483639429734401	539178650	2017-04-18	I don't get it all the other doctors said she was good so I'm not giving her stupid steroids it's gonna make her overweight	84	92	steroids	steroids
571867450121191424	60440414	2015-03-01	Pregnancy Accomplishments? Finished off a large bottle of Tums.	58	62	Tums	tums
590750866971459584	60440414	2015-04-22	@CanadianKelli I sucked back so much entonox over the labour I had a massive hangover the next day.	37	44	entonox	entonox
453184960027848704	1025811572	2014-04-07	tylenol is gay af.	0	7	tylenol	tylenol
459201596447272960	220948289	2014-04-24	@CALiFOREiGN_ASS how was I supposed to know? It's one full bottle and a few pills in the other. Gotta find them. You can have them.	76	81	pills	pills
590753231095128064	60440414	2015-04-22	@CanadianKelli well nitrous.. those college boys did straight nitrous.oh lord.	20	27	nitrous	nitrous oxide
590753231095128064	60440414	2015-04-22	@CanadianKelli well nitrous.. those college boys did straight nitrous.oh lord.	62	69	nitrous	nitrous oxide
710304217366331392	208231808	2016-03-17	@dailydairydiary the burn is real. I am having a hard time breathing. Need my Tums to kick in ğŸ˜–	78	82	Tums	tums
390152408174579712	124393044	2013-10-15	@claudiduh Aww, thanks for the encouragement! You took antibiotics and it took care of it?	55	66	antibiotics	antibiotics
778008085822631936	109506129	2016-09-19	And dnt be mad cause my relaxer look bomb and i got a head full of hair... eat u some prenatals...	86	95	prenatals	prenatal vitamins
546866202073894912	149219188	2014-12-22	Keep tellin ppl ian getting da epidural. Lol	31	39	epidural	epidural
673703339331207168	15954214	2015-12-07	@KyFaSt I'm totes fine - just need a Tylenol and to teach my dog some compassion ğŸ˜‚	37	44	Tylenol	tylenol
462457229648855040	1025811572	2014-05-03	@Ms_Laela epidural is for quitters. lol.	10	18	epidural	epidural
625285153552793600	70483719	2015-07-26	@Noct_Harley yep. Antibiotics &amp; prayers that it passes &amp; doesn't spread to my other ear since I took all of my vacation time already.	18	29	Antibiotics	antibiotics
703463465218736128	1465089974	2016-02-27	Not sure if I should ask for my epidural already or not... I'm so scared of how much pain it's gonna be!!!! ğŸ˜”	32	40	epidural	epidural
590752915935129600	60440414	2015-04-22	@CanadianKelli I used the entonox for hours. Sucked back two portable tanks. Couple hours post birth. Massive headache and eye pain.	26	33	entonox	entonox
541345749531762688	60440414	2014-12-06	@Huntersprize I took the 'Canadian version' of Unisom and thankfully slept decently with just the regular bathroom breaks haha	47	53	Unisom	unisom
809480209854595073	539178650	2016-12-15	Told me to make friends with other real housewives of Brentwood so we could talk about rich husbands and Botox ğŸ˜­ğŸ˜‚	105	110	Botox	botox
794036802378035200	1427054106	2016-11-03	@xmermaidmama you can try vitamins for Olivia! Hudson has taken vitamins since the NICU &amp; it helps him gain weight	26	34	vitamins	vitamins
794036802378035200	1427054106	2016-11-03	@xmermaidmama you can try vitamins for Olivia! Hudson has taken vitamins since the NICU &amp; it helps him gain weight	64	72	vitamins	vitamins
809209959355449344	1143892999	2016-12-15	@_JasmineMilan ğŸ¤” you must have got an epidural?	38	46	epidural	epidural
825346965349203968	2397956004	2017-01-28	My little Ains is under the weather. She is has viral tonsillitis. They don't give antibioticsâ€¦ https://t.co/Rrm2sww15d	83	94	antibiotics	antibiotics
501869089741352960	46816774	2014-08-19	@DeeJacksonVille Braylon and yep with the help of epidural keeping the pain away	50	58	epidural	epidural
781093401815113728	1591899259	2016-09-28	@ChloeMugg I'm allowed gravol for nights I can't get to sleep. Not as strong as good stuff but something?	23	29	gravol	gravol
862676269862965248	51921787	2017-05-11	If anyone tells you that the epidural won't make your back hurt. THEM HOES ARE LYING. My lower back has been in pain since.	29	37	epidural	epidural
389125630664904704	1025811572	2013-10-12	my birth control patch has made my tits huge as fuq ğŸ™ #thankyou	3	22	birth control patch	birth control patch
813777291385962496	109506129	2016-12-27	@_jasmineyvonne Hey! He is sleep... still has a Lil anesthesia... but had 2 bottles of Pedialyte and hasn't thrown up... might be home today	52	62	anesthesia	anesthesia
651053302495313920	208231808	2015-10-05	Off to get my flu shot at work today, want to get a head start at building my immunity to protect me and baby! #getyourflushot	14	22	flu shot	flu shot
407420810555445248	1115191412	2013-12-02	Yeah im allergic to codiene *idunno if I spelled that right* I learned that the hard way	20	27	codiene	codeine
615268215393009664	45234672	2015-06-28	Steroid injections sting like a trooper!! I don't mind needles but frig me the liquid hurts!!	0	17	Steroid injection	steroid injection
402650091506257920	1241876251	2013-11-19	â€œ@lilduval: U got a birth control shot so u wouldn't get pregnant. Now you fat and look pregnant from the side effects.â€ ğŸ˜‚ğŸ˜‚ğŸ˜‚ LOL!	20	38	birth control shot	birth control shot
485887997758287872	285855751	2014-07-06	I need some tums	12	16	tums	tums
632272542154158080	1465089974	2015-08-14	Me &amp; baby are sick ğŸ˜” I have strep throat &amp; I'm taking Tylenol for fever... ğŸ˜¢ Pray for us ğŸ’”	62	69	Tylenol	tylenol
740919213745836032	1591899259	2016-06-09	@ChloeMugg I got asked if I tried ginger... I'm on 8 pills of diclectin a day... yeah, I've tried everything!	62	71	diclectin	diclectin
754354661885304836	595051318	2016-07-16	@mrrrager oh nooo!! Do you take anything for it? I have to take 150mg Zantac twice a day &amp; drink gaviscon extra strength whenever I need..	70	76	Zantac	zantac
754354661885304836	595051318	2016-07-16	@mrrrager oh nooo!! Do you take anything for it? I have to take 150mg Zantac twice a day &amp; drink gaviscon extra strength whenever I need..	101	109	gaviscon	gaviscon
787211134084390912	1427054106	2016-10-15	Hudson is FINALLY off his antibiotics &amp; his IV drip ğŸ‘ğŸ¼ğŸ™ŒğŸ¼ one step closer to coming home	26	37	antibiotics	antibiotics
789341187354218496	1427054106	2016-10-21	@alison_buck239 they might give you steroids to help her lungs &amp; another medication that will stop contractions, that usually works!	36	44	steroids	steroids
899705327922405377	441759984	2017-08-21	The caffeine pills have finally worn off, time to get a half hour nap before James wakes up again	4	18	caffeine pills	caffeine pills
804074902391312387	539178650	2016-11-30	Imma get Botox so my brows can be snatched like @Amrezyyy	9	14	Botox	botox
742948225452216320	431145629	2016-06-15	Staying in the hospital tonight.Diagnosed with preeclampsia.Was given shotsto make her lungs grow faster, and hoping she stays baking longer	70	75	shots	shots
772623794422751233	595051318	2016-09-05	I'm all like babe I love you but stay the fuck away from me  *throws Tylenol &amp; wet rag from across room* &amp; sleep on the couch tonight  ğŸ™ƒ	69	76	Tylenol	tylenol
487091494348529665	1241876251	2014-07-10	These new prenatal vitamins make me sick. ğŸ˜–	10	27	prenatal vitamins	prenatal vitamins
487268866964193280	1485346748	2014-07-10	â€œ@ifunnyorfact: Women who pretend to like football are the same women who pretend to be on birth control.â€ ğŸ˜‚ğŸ˜‚	91	104	birth control	birth control
437845900954595329	1650749720	2014-02-24	My diet consists of adderall for breakfast, beer for dinner, &amp; cake pops for bed time snack. So I should be skinny again soon.	20	28	adderall	adderall
696806687265525760	15954214	2016-02-08	Maintaining my most minimal level of regular activity is becoming so hard ğŸ˜­ + tylenol/naps no longer fix everything. Just sore foreverrrrr ğŸ˜µ	78	85	tylenol	tylenol
685784885060046848	70483719	2016-01-09	@Noct_Harley God knows I need that. Will need to check my prenatal &amp; daily multivitamin to see if I need more	58	66	prenatal	prenatal
685784885060046848	70483719	2016-01-09	@Noct_Harley God knows I need that. Will need to check my prenatal &amp; daily multivitamin to see if I need more	79	91	multivitamin	multivitamin
818146209965756416	2281110864	2017-01-08	these prenatal vitamins got me feeling sick ):	6	23	prenatal vitamins	prenatal vitamins
807848827323641856	539178650	2016-12-11	Like you know how I'm extra cause I don't need Botox cause I don't have wrinkles but I got it to stop them in case lmao	47	52	Botox	botox
816575487782723584	4745862650	2017-01-04	I wanna have my son natural w no epidural . that back pain it leave you w unt unt I already had back problems before him	33	41	epidural	epidural
503623551266856960	2163434472	2014-08-24	The fact that i didn't take my pill by accident lastnight and im insanely sick today.. #woops	31	35	pill	pill
477316405545533440	285855751	2014-06-13	I swear I think I'm the only person who's prenatal pills makes them feel sick af!!	42	56	prenatal pills	prenatal pills
844262638515359744	101829949	2017-03-21	Told Jordan to bring me Tylenol &amp; a phenergen &amp; just realized he gave me two Tylenol pm.. its only 2 and I got no sleep last night. Not good	85	95	Tylenol pm	tylenol pm
831807812653170689	21343364	2017-02-15	And all because I said she couldn't have her brothers epilepsy meds! https://t.co/xPQNgo8S6g	54	67	epilepsy meds	epilepsy medication
676891658508570624	208231808	2015-12-15	Cannot understand how a nurse accepts and approves of GMO insulin for diabetics, but says GMO crops are poisonous? #facepalm #lostthebattle	58	65	insulin	insulin
727884088225370113	1591899259	2016-05-04	@zuzuhaha thanks, I'm 16wks &amp; still taking diclectin... so eventually I'll feel wonderful :)	47	56	diclectin	diclectin
490399606216204289	1241876251	2014-07-19	I sleep next to a bottle of tums. #fuckheartburn #kissmyASS	28	32	tums	tums
197728267426467840	115285374	2012-05-02	#HeadDesk of the day, courtesy of the #RiteAid website. You better run a deal on headache meds, RiteAid. You owe me. http://t.co/xHQz26wm	81	94	headache meds	headache medication
845195625486438400	583610519	2017-03-24	Y'all can give me more Ambien if y'all like. ğŸ˜‚	23	29	Ambien	ambien
725263602605682689	1087305673	2016-04-27	Ended up getting an epidural and I feel great. Time to try to get some sleep.	20	28	epidural	epidural
484507426457419777	1025811572	2014-07-03	my pain meds don't even work for me anymore ): this sucks.	3	12	pain meds	pain meds
495381907585388546	1025811572	2014-08-02	Thank god, hallelujah for percocet.	26	34	percocet	percocet
661090686062559234	726992034	2015-11-02	Once I have my son I'm getting the nexplanon because it has no side effects I do t want to get fat like other people	35	44	nexplanon	nexplanon
372131302440325120	1650749720	2013-08-26	Sorry I just slammed that energy drink, fetus. This house HAS to get clean &amp; because of you they took away my adderall.	114	122	adderall	adderall
713188600301522945	4751455086	2016-03-25	@chaydintaylor VitaFusion prenatal gummies w/ all the flavors is literally so delicious, I could overdoseğŸ˜…	15	42	VitaFusion prenatal gummies	vitafusion prenatal gummies
802583053734445056	1143892999	2016-11-26	I'm still amazed how fast that castor oil worked... I literally took it at 11:30pm and my water broke at 4:30am ğŸ™ŒğŸ¾	31	41	castor oil	castor oil
642110071871291393	70483719	2015-09-10	Holy heartburn! Already took a dose of Tums and still raging! Send help &amp; antacids!!	39	43	Tums	tums
642110071871291393	70483719	2015-09-10	Holy heartburn! Already took a dose of Tums and still raging! Send help &amp; antacids!!	78	86	antacids	antacids
651201426274684929	21752467	2015-10-06	Stephanie sounds like she needs some decongestant! #RAW	37	49	decongestant	decongestant
589836382274740224	1106419609	2015-04-19	@charliicl I am burping him a few times through feed. Just put infacol on my asda delivery. Thanks for reminding me about it!	63	70	infacol	infacol
748416137961037824	15723171	2016-06-30	So ill with flu/cold symptoms I can barely lift my head! Anyone know of any preggo-friendly remedies (besides paracetamol)? ğŸ˜°	110	121	paracetamol	paracetamol
684818764421029888	46677996	2016-01-06	@chassidyyann he said I was dehydrated which could cause the cramping so I got some fluids and antibiotics	95	106	antibiotics	antibiotics
534956275906273281	60440414	2014-11-19	@frugalyegmama did you have the actual shot or the nasal spray?	39	43	shot	shot
534956275906273281	60440414	2014-11-19	@frugalyegmama did you have the actual shot or the nasal spray?	51	62	nasal spray	nasal spray
800557939207577600	1143892999	2016-11-21	The FACT I drunk this castor oil shit twice don't make no fucking sense... I wouldn't wish that on my worst enemy ğŸ˜·	22	32	castor oil	castor oil
799450815572430849	109506129	2016-11-18	High af off the morphine... lol	16	24	morphine	morphine
855595397506584577	539178650	2017-04-22	I hate that I had to get a C section because now my back kills me from the epidural I had to get	75	83	epidural	epidural
581341654562426880	3094918674	2015-03-27	@t_keeenom That's what I'm nervous about,bc I sleep so damn much ! Did you get an epidural?	82	90	epidural	epidural
789840246141755392	539178650	2016-10-22	But I got my IUD just in case lmfao Rosie's going to be an only child	13	16	IUD	IUD
791810766584188928	1427054106	2016-10-28	Has anyone gotten the depo shot? If so, what's your opinion on it? ğŸ¤”	22	31	depo shot	depo shot
743467441217363968	595051318	2016-06-16	My 4th Rhogam shot hurt just as bad as my 1st one. O negative blood is a blessing &amp; a curse. #crybaby	7	18	Rhogam shot	rhogam injection
818553256154726400	45416544	2017-01-09	@callathekitten She is currently on a morphine drip &amp; hospice is taking over. trying to just make her comfortable at this point.	38	46	morphine	morphine
177898310420545536	115285374	2012-03-08	However, if I paired the wine with some muscle relaxers, I might have a greater understanding of what it's like to be Rush Limbaugh... #Hmmm	40	55	muscle relaxers	muscle relaxers
180300105583296514	115285374	2012-03-15	Just started on my second venti iced coffee from #Starbucks. Drowsiness is INDEED a side effect of muscle relaxers! =(	99	114	muscle relaxers	muscle relaxers
407566165473386496	629467382	2013-12-02	#ad Are you good about taking #vitamins? #HealthYourself and try out a supplement recommender to find your best bets! http://t.co/bLuFFHSbuf	31	39	vitamins	vitamins
593113950054522881	726992034	2015-04-28	Birth control âœ”ï¸ Prenatal âœ”ï¸	0	13	Birth control	birth control
792516839469264896	595051318	2016-10-30	When your birth control alarm goes off &amp; wakes the baby that just fell asleep... it reminds you why you take birth control in the 1st place.	10	23	birth control	birth control
792516839469264896	595051318	2016-10-30	When your birth control alarm goes off &amp; wakes the baby that just fell asleep... it reminds you why you take birth control in the 1st place.	113	126	birth control	birth control
662765945769893892	595051318	2015-11-06	I really need to pack a bag for Tulsa this weekend but taking a muscle relaxer and passing out in this recliner sounds soooooooo much better	64	78	muscle relaxer	muscle relaxer
590578974218186752	726992034	2015-04-21	Thank god it was just a false alarm I don't want to get pregnant any time soon I'm so scared to stop taking my birth control	111	124	birth control	birth control
867326747167031296	51921787	2017-05-24	@ayeemandaa_ Well I was on magnesium. They did labs on me every 4 hours just to make sure I didnt have a lot of itâ€¦ https://t.co/WZRnwhjgIo	27	36	magnesium	magnesium
775810098585145344	595051318	2016-09-13	I fucking hate how these pain meds make me feel but I'm too sore to function if I don't take them ğŸ˜­ I just want to feel normal again.	25	34	pain meds	pain medication
672090020862267392	208231808	2015-12-02	@adrienneivey hopefully I can shake most of it off today, if not, it's not the end of the world. I can only take Tylenol though! boo!	113	120	Tylenol	tylenol
584184868881305600	60440414	2015-04-04	Also, I think my husband is trying to romance me as he came home with a NEW flavour of Tums that I haven't yet tried. ;) #pregnancy	87	91	Tums	tums
783979310424088577	1228869366	2016-10-06	You won't start feeling the pictocin for about an hour   Uh bullshit I've been having contractions since that shit hit my system ğŸ˜¶ğŸ˜¶ğŸ˜¶	28	36	pictocin	pitocin
762059592377458688	1591899259	2016-08-06	@Kainin the AC can dry you out. Get a saline spray. Helps keep it from super drying.	38	50	saline spray	saline spray
528217351544508417	436230026	2014-10-31	Just kidding..more lab work, more doctor visits, and more antibiotics through my veins ğŸ˜¥	58	69	antibiotics	antibiotics
486547242484912129	60440414	2014-07-08	@pinkchai Tylenol is great for throat pain.The nurse in me goes to drugs first ;)	10	17	Tylenol	tylenol
889880546679152640	738847850096910336	2017-07-25	@LinzDeFranco Try generic (Wal-Mart brand) Prilosec OTC gel capsules. It's the ONLY thing that has helped with my pregnancy	43	55	Prilosec OTC	prilosec OTC
672884858268483584	1465089974	2015-12-04	@MeganCalvery regardless I'm getting the damn epidural ğŸ’…	46	54	epidural	epidural
799893361385754624	109506129	2016-11-19	Last min oxys so i can sleep... juju knocked... and rell at home cleaning lol	9	13	oxys	oxycodone
551921595124428800	60440414	2015-01-05	@TheMamaship Ugh. I had a sinus infection last Winter and could not get over the teeth pain. So annoying. I ended up on antibiotics.	120	131	antibiotics	antibiotics
679870684093399040	70483719	2015-12-24	Getting 'upgraded' from Tums to a daily OTC. Too bad tomorrow is Christmas Eve so stores will be nuts	24	28	Tums	tums
847074065324093440	51921787	2017-03-29	Last time I had a sore arm from a vaccine was when I got my meningitis vaccine	60	78	meningitis vaccine	meningitis vaccine
773809858038624257	65087044	2016-09-08	Shoulda took some more NyQuil ğŸ˜”	23	29	NyQuil	nyquil
865403375096963072	51921787	2017-05-19	Evan &amp; I went into Target to buy some vitamins. We came out with $150+ worth of stuff. ğŸ˜…	42	50	vitamins	vitamins
742843601852485632	20229575	2016-06-14	@EngrishPorice honestly I'm high on American flu medication so I don't even know my own name right now! ğŸ˜‚	45	59	flu medication	flu medication
793126775689732096	1128015306	2016-10-31	Nasal flu vac for children .. anyones kids get side effects?	0	13	Nasal flu vac	nasal flu vaccine
694693104939499521	208231808	2016-02-03	So explain to me how GMO insulin is poison? Without it, diabetics die. Citations for poisoning people and the planet please. @duncanasper	25	32	insulin	insulin
854483172100382721	539178650	2017-04-18	They still want to give her steroids like no foh	28	36	steroids	steroids
794889248319172608	109506129	2016-11-05	@shaunGstyles she had a epidural?	24	32	epidural	epidural
549503598804344832	1154971159	2014-12-29	I'm working on it! 4:00am now. Pain was intense so I just had a magical wonderful epidural from theâ€¦ http://t.co/cAirxmy40f	82	90	epidural	epidural
800367699758977024	1427054106	2016-11-20	@sstuckeyy I didn't take prenatals at all, people didn't back in the day so I don't think it's necessary. Just eat healthy &amp; drink water ğŸ˜Š	25	34	prenatals	prenatals
751262835649310722	1228869366	2016-07-08	My friend asked me where she can go to get birth control and I was telling Jay about it and he goes God you sound like a mom ğŸ˜‚ğŸ˜‚	43	56	birth control	birth control
514884383862697985	436230026	2014-09-24	Feeling great even after giving birth to Jayce without any pain meds. :)	59	68	pain meds	pain medication
717640339465568256	65473062	2016-04-06	This morphine don't work ğŸ™„ I've pressed this button like 4 times &amp; I still feel like shit ğŸ˜­	5	13	morphine	morphine
846805317971267585	51921787	2017-03-28	Why are prenatal vitamins pricey?	8	25	prenatal vitamins	prenatal vitamins
849460713513005056	2147874931	2017-04-05	Tylenol + Codeine ALWAYS makes me feel so weird but it's the only thing that helps my migraines ğŸ˜ğŸ˜©	0	17	Tylenol + Codeine	Tylenol-codeine
660166781525340161	726992034	2015-10-30	For now after this baby I'm getting the nexplanon for 6 years 3 then another 3 lol	40	49	nexplanon	nexplanon
701177189039931392	46677996	2016-02-20	I don't wanna take medicine so im just going to try to take emergen-c and hope it helps	60	69	emergen-c	emergen-c
437364202223591424	1650749720	2014-02-22	I told Michelle Obama I haven't eaten anything in 3 days because I have adderall now. She high fived me.	72	80	adderall	adderall
180138453118365697	115285374	2012-03-15	Just took my first muscle relaxer to help with my back pain. I don't see what all the fuss is about painkillers, I sdfbyese5i6tygfdshbve4eui	19	33	muscle relaxer	muscle relaxers
180138453118365697	115285374	2012-03-15	Just took my first muscle relaxer to help with my back pain. I don't see what all the fuss is about painkillers, I sdfbyese5i6tygfdshbve4eui	100	111	painkillers	painkillers
850931486673039361	464229717	2017-04-09	these pain meds suck lol	6	15	pain meds	pain medication
782778850803449856	65087044	2016-10-03	I need some Pepto Bismol	12	24	Pepto Bismol	pepto bismol
773287370745446400	1427054106	2016-09-06	Is it Tylenol or ibuprofen that you can take while pregnant? ğŸ¤”	6	13	Tylenol	tylenol
773287370745446400	1427054106	2016-09-06	Is it Tylenol or ibuprofen that you can take while pregnant? ğŸ¤”	17	26	ibuprofen	ibuprofen
584172380102078464	60440414	2015-04-04	My kids are so envious of the Tums that I chomp on regularly. They cry and beg to have one. Ridiculous. They think I'm chowing candies?!	30	34	Tums	tums
681545965866631168	208231808	2015-12-28	@jjacula I just shouldn't have said anything...the advise she pours in ğŸ˜‰I just want Sudafed and NyQuil dammit!!!	84	91	Sudafed	sudafed
681545965866631168	208231808	2015-12-28	@jjacula I just shouldn't have said anything...the advise she pours in ğŸ˜‰I just want Sudafed and NyQuil dammit!!!	96	102	NyQuil	nyquil
851473664168034309	51921787	2017-04-10	Why does my prenatal vitamin smell like dogs medicine lol	12	28	prenatal vitamin	prenatal vitamin
707715042477744128	218297421	2016-03-09	Just get on birth control and use two condoms. Oh and don't have sex when ovulating.	12	25	birth control	birth control
841466126655664128	184620477	2017-03-14	I have a possible infection from my Zofran pump.. seriously. Not catching any breaks during this pregnancy apparently. ğŸ˜­ğŸ¤·ğŸ½â€â™€ï¸	36	42	Zofran	zofran
612522575776907264	2206562811	2015-06-21	@bethanygiuffre it's time for the epidural!	34	42	epidural	epidural
767004439450451968	19546372	2016-08-20	@elvisrockysly yeah, one is heparin. Jesus, that don't sound good mate.	28	35	heparin	heparin
765379008838131712	1486889246	2016-08-16	*puts cocoa butter on, takes prenatal vitamin, uses restroom, goes to sleep*	29	45	prenatal vitamin	prenatal vitamins
448063246231015424	113610499	2014-03-24	Update: I got the epidural, back contractions are killer, dilated to a 4, almost 100% faced, &amp; just started getting pitocin ğŸ˜Škeep it rollin'	18	26	epidural	epidural
448063246231015424	113610499	2014-03-24	Update: I got the epidural, back contractions are killer, dilated to a 4, almost 100% faced, &amp; just started getting pitocin ğŸ˜Škeep it rollin'	120	127	pitocin	pitocin
502162994231791617	17084008	2014-08-20	i seem to have to wash most cups of tea down with a glug of gaviscon. i cannot go without tea though :( #pregnancyheartburn	60	68	gaviscon	gaviscon
534528525379055617	2551446475	2014-11-18	Our kid is now 25 weeks and the size of a turnip, FYI. 1/5 of my diet is Tums, but life's pretty good otherwise!	73	77	Tums	tums
786755084231270401	177251944	2016-10-14	Still have one day of antibiotics left for my ear infection and I've started with another head/chest cold. Shoot me now.	22	33	antibiotics	antibiotics
692192378933923841	1959451166	2016-01-27	@pugzznotdrugz I've heard the depo can be toxic if you stay on it too long ğŸ˜• you're welcome! and we are doing good! hope you are too ğŸ˜Š	30	34	depo	depo-provera
557780893323231232	2799031971	2015-01-21	Muscle relaxers ğŸ‘Œ	0	15	Muscle relaxers	muscle relaxer
486973488775700481	135289182	2014-07-09	Popping tums like candy	8	12	tums	tums
837736300190945280	184620477	2017-03-03	I can't decide if my migraine is from me being beyond stressed out right now or from my Zofran dosage. Hm.	88	94	Zofran	zofran
467374169038942208	23474083	2014-05-16	Has anyone tried making a crushed Asprin + water paste for pimples? Curious if it works! #beautychat	34	40	Asprin	aspirin
300047510033031168	24324898	2013-02-09	@jennabennabear also I'm gonna buy liquid vitamin d next cuz I think that absorbs in your body much better than caps.	42	51	vitamin d	vitamin d
804468435656839168	177251944	2016-12-01	@GrnEyedGirl1970 ğŸ˜” the antibiotics should start to help after 24 hours. Lots of fluids and cranberry juice plus Advil may give some relief!	23	34	antibiotics	antibiotics
804468435656839168	177251944	2016-12-01	@GrnEyedGirl1970 ğŸ˜” the antibiotics should start to help after 24 hours. Lots of fluids and cranberry juice plus Advil may give some relief!	112	117	Advil	advil
328544164151185408	18660643	2013-04-28	IVF Update - First Injection of Menopur and Follistim: http://t.co/EruKXtq7TY via @YouTube	32	39	Menopur	menopur
328544164151185408	18660643	2013-04-28	IVF Update - First Injection of Menopur and Follistim: http://t.co/EruKXtq7TY via @YouTube	44	53	Follistim	follistim
436463012325888000	20043090	2014-02-20	How many syns in a lemsip? Feeling ruff :-(	19	25	lemsip	lemsip
447993192483287040	113610499	2014-03-24	fentanyl is where it's at!!!! ğŸ‘‹Goodbye pain, Paige feels wastedğŸ’ğŸ˜	0	8	fentanyl	fentanyl
529668542036447232	2444385272	2014-11-04	Too bad I'm terrified of the epidural	29	37	epidural	epidural
557235045044203523	2799031971	2015-01-19	Update: epidural was really rough but worth it.. Can't feel a thing right now and dilated to a 5. ğŸ’™	8	16	epidural	epidural
521253215015534592	2444385272	2014-10-12	I'm terrified of labor especially since I'm having a natural birth... No epidural	73	81	epidural	epidural
724795259977383936	1959451166	2016-04-26	Can't see bc @Anthony_Drakee put earache drops instead of eye drops into my eyes. ğŸ™ƒğŸ™ƒğŸ™ƒ	33	46	earache drops	earache drops
724795259977383936	1959451166	2016-04-26	Can't see bc @Anthony_Drakee put earache drops instead of eye drops into my eyes. ğŸ™ƒğŸ™ƒğŸ™ƒ	58	67	eye drops	eye drops
598062290970095617	2546638931	2015-05-12	' when your up on a 4 am mission to Walmart for some Tylenol Pm for this pain &amp; insomnia ğŸ˜©	53	63	Tylenol Pm	tylenol PM
604499011752501248	23707743	2015-05-30	@Chelsea464 Benadryl!	12	20	Benadryl	benadryl
758762348144369664	19546372	2016-07-28	Saira to Renee: You look scared.   That would be the botox babe.	53	58	botox	botox
501830595610415105	17084008	2014-08-19	@viccimcwill am guessing you had an epidural ;) i don't like the idea of diamorphine so unless i do just gas and air it'll be epidural!	36	44	epidural	epidural
501830595610415105	17084008	2014-08-19	@viccimcwill am guessing you had an epidural ;) i don't like the idea of diamorphine so unless i do just gas and air it'll be epidural!	126	134	epidural	epidural
501830595610415105	17084008	2014-08-19	@viccimcwill am guessing you had an epidural ;) i don't like the idea of diamorphine so unless i do just gas and air it'll be epidural!	73	84	diamorphine	diamorphine
774799539639296004	1486889246	2016-09-11	I'm in charge of narcotics &amp; domestic violence ğŸ˜©ğŸ˜© what the fuckkkk	17	26	narcotics	narcotics
463041321939509248	17084008	2014-05-04	@JennyCole04 Bio-oil is good but poundland sell something very similar which I find works just as well. The packaging look v. similar.	13	20	Bio-oil	Bio-oil
783122932776198145	177251944	2016-10-04	Last night I put Vicks Vapo rub on my lips instead of Blistex....tonight I double checked before slathering it on.	17	31	Vicks Vapo rub	vicks vaporub
570606200473018369	2557491804	2015-02-25	you know why pregnant women can take tylenol? BC IT DOESNT FUCKING WORKğŸ‘¿	37	44	tylenol	tylenol
351927457378611201	113610499	2013-07-02	I NEED PAIN KILLERS! my head is knockin!?	7	19	PAIN KILLERS	pain medication
776488714042241024	165916824	2016-09-15	I HATE WHEN DOCTORS ASK ME WHAT BIRTH CONTROL I WANT TO GO ON AFTER THE BABY GETS HERE LIKE DAMN CAN THE BABY GET HERE FIRST ğŸ™„	32	45	BIRTH CONTROL	birth control
557742130295492609	1892439703	2015-01-21	These vitamins make my hair grow so fast ğŸ˜	6	14	vitamins	vitamins
872138177280176128	2511267649	2017-06-06	so so so heartbreaking to know my newborn will be on opioids. ğŸ’”	53	60	opioids	opioids
835762752857632770	184620477	2017-02-26	Ugh. My next syringe change is going to be around 4 am. Whyyy. #LifeWithAZofranPump	73	79	Zofran	zofran
512071591094939648	2444385272	2014-09-17	@_brandiejones awwww thank you â¤ï¸ yeah prenatals do that	39	48	prenatals	prenatal vitamins
680825107904868352	23707743	2015-12-26	How young is too young for Botox? https://t.co/spqt0hv4AI	27	32	Botox	botox
885494104225873920	273724560	2017-07-13	Contractions are literally the worst pain I've ever physically endured. The morphine didn't help. But I didn't cry ğŸ¤—ğŸ¤—ğŸ¤— I dilated!	76	84	morphine	morphine
841099583035912193	2397956004	2017-03-13	â­ï¸ GIVEAWAYâ­ï¸  Vitamins! Every #pregnant mama needs them! I hate swallowing big pills! I'm soâ€¦ https://t.co/kHC8QaFVoR	15	23	Vitamins	vitamins
470203286608678912	220948289	2014-05-24	@Cysterworld muscle relaxers like a fool	13	28	muscle relaxers	muscle relaxers
614700067820335105	45234672	2015-06-27	The whooping cough injection site has killed my arm. ğŸ˜”	4	28	whooping cough injection	whooping cough injection
841105697790124032	2397956004	2017-03-13	I'm giving Away a 3 month supply of #prenatal vitamins from @SmartyHealth ! Head to my IG page to enter!â€¦ https://t.co/K9SUsgQz4s	37	54	prenatal vitamins	prenatal vitamins
779961208002768900	20229575	2016-09-25	I take triamcinolone for my asthma and allergies and I can just about ride home from the bus stop... #Wiggins	7	20	triamcinolone	triamcinolone
434061422465515520	1241876251	2014-02-13	I love how my boyfriend reminds me to take my prenatal vitamins every night. It's the cutest shit ever. ğŸ’œ	46	63	prenatal vitamins	prenatal vitamins
500119938779320320	46816774	2014-08-15	Pain medicine kicking in got me sleepy	0	13	Pain medicine	pain medicine
832808092253319169	2147874931	2017-02-18	Toby set up the humidifier for me in the room &amp; I practically chugged a bottle of Sudafed.  Im dead to the world.  Night y'all ğŸ˜´ğŸ‘‹ğŸ¼	86	93	Sudafed	sudafed
862817811395207169	2147874931	2017-05-11	I swear every few months I am on an inhaler &amp; steroids because my lungs never developed properly. It is NOT fun..	36	43	inhaler	inhaler
862817811395207169	2147874931	2017-05-11	I swear every few months I am on an inhaler &amp; steroids because my lungs never developed properly. It is NOT fun..	50	58	steroids	steroids
691389277536591873	1591899259	2016-01-24	@daysmadeofnow can you do the ibuprofen/acetaminophen switching?	30	39	ibuprofen	ibuprofen
691389277536591873	1591899259	2016-01-24	@daysmadeofnow can you do the ibuprofen/acetaminophen switching?	40	53	acetaminophen	acetaminophen
407728229857112064	220948289	2013-12-03	The nightly pill arsenal... Acetaminophen, 3 different components to my prenatal vitamins, andâ€¦ http://t.co/y3Eu3xTUAU	28	41	Acetaminophen	acetaminophen
407452452133171200	1115191412	2013-12-02	@TSuntken I thought you were sleeping.. I can't its not gonna happen I took sleeping medicine and everything.	76	93	sleeping medicine	sleeping medicine
771439467760652289	1128015306	2016-09-01	Gaviscon is my new best friendğŸ™„	0	8	Gaviscon	gaviscon
177897864926728193	115285374	2012-03-08	Bad back spasm today. =( Husband offered to either pick up my muscle relaxers from the pharmacy or stop at the wine store. #NotBothThough	62	77	muscle relaxers	muscle relaxers
488134914055745536	1241876251	2014-07-13	Tums are wonderful. ğŸ’œ	0	4	Tums	tums
665940261067988993	595051318	2015-11-15	Between my steroid nasal spray &amp; the oversized monster I just drank I'm feeling a little tweeky.	11	30	steroid nasal spray	steroid nasal spray
383381085054181376	1650749720	2013-09-27	Went to Starbucks twice today to keep productive. Still pissed off at my doctor for taking away my adderall.	99	107	adderall	adderall
177907320657948672	115285374	2012-03-09	A man that will venture into the cold, rainy night to bring you wine and painkillers (to be consumed on separate occasions) is a Keeper. =)	73	84	painkillers	painkillers
665870857026281472	70483719	2015-11-15	Is your woman a little more snippy than usual? Just hand her a feminine napkin, a Midol, &amp; a chocolate bar. Guaranteed instant mood change!ğŸ˜‚	82	87	Midol	midol
866869993853648897	2147874931	2017-05-23	I'm so uncomfortable.. Tylenol3 is my best friend tonight. Gonna snuggle my hubby &amp; crash.ğŸ˜´ğŸ’•	23	31	Tylenol3	tylenol #3
854534152070279168	2147874931	2017-04-19	These new anti-anxiety meds make me so sleepyğŸ˜´ğŸ’¤ Not sure if It will work out for me.. But I'm so tired of always switching meds ğŸ˜’	10	27	anti-anxiety meds	anti-anxiety medication
860802933281218561	583610519	2017-05-06	@cassiewashere96 I'm off mine. But I've been debating if I wanna start my birth control now or later lol	74	87	birth control	birth control
892575771713318913	45416544	2017-08-02	Now they just have me on pitocin, and the contractions aren't bothering me at all. So I'm super thankful for that!	25	32	pitocin	pitocin
665056375295184896	1000206378	2015-11-13	Anyone have muscle relaxers or Vicodeine !??	12	27	muscle relaxers	muscle relaxers
665056375295184896	1000206378	2015-11-13	Anyone have muscle relaxers or Vicodeine !??	31	40	Vicodeine	vicodin
422801402357108736	1018712233	2014-01-13	ó¾¬•I hate the sleepy side effect when your eggo is preggo or maybe it these vitaminsó¾¬”never wear panties ever but I... http://t.co/vQnof2HBx3	74	82	vitamins	vitamins
526235066045693952	436230026	2014-10-26	@Tarabledactyl infection in my uterus :( but if my antibiotics work, I should be fine. I'm just praying for a quick recovery	51	62	antibiotics	antibiotics
703545681366097920	1465089974	2016-02-27	I'm an 8. They also just started me on pitocin to help me dilate faster so it shouldn't be long! Ready to have this baby!!!	39	46	pitocin	pitocin
712572112347631616	1000206378	2016-03-23	Hydrocodone bitartrate &amp; Celebrex ğŸ’ŠğŸ’Š I'm so set ğŸ™ŒğŸ»	0	22	Hydrocodone bitartrate	hydrocodone bitartrate
712572112347631616	1000206378	2016-03-23	Hydrocodone bitartrate &amp; Celebrex ğŸ’ŠğŸ’Š I'm so set ğŸ™ŒğŸ»	29	37	Celebrex	celebrex
717641800123609088	65473062	2016-04-06	A whole 24hrs of me just being itchy af and its nothing I can do about it ğŸ™„ğŸ™„ğŸ™„ Benadryl don't fuckin work g	78	86	Benadryl	benadryl
549455891331026944	1154971159	2014-12-29	Mommy caved &amp; got dilaudid .... Happy times right now. ğŸ˜ƒğŸ‘ Been in labor for nearly 5hrs now, stillâ€¦ http://t.co/7yxX52LVdM	22	30	dilaudid	dilaudid
861741537184665601	2147874931	2017-05-09	@TheWife_ I get those contractions ALL. THE. TIME. My doctor Put me On Vastaril to Help settle them down. It helps a bit.	71	79	Vastaril	vistaril
784184795639132164	1228869366	2016-10-07	I haven't had anything for pain except Tylenol and that was at like 1. Y'all I had a baby cut out of me and don't need pain meds	39	46	Tylenol	tylenol
784184795639132164	1228869366	2016-10-07	I haven't had anything for pain except Tylenol and that was at like 1. Y'all I had a baby cut out of me and don't need pain meds	119	128	pain meds	pain meds
818552982480584705	45416544	2017-01-09	She is currently on a morphine drip &amp; hospice is taking over.Trying to get her into an end of life facility for as much comfort as possible.	22	30	morphine	morphine
580403065825730560	60440414	2015-03-24	Type 1 diabetes &amp; pregnancy ...She has a really funky placenta that requires the most ridiculous dose of insulin.â€™ http://t.co/piwBDkYkvd	109	116	insulin	insulin
877740539633954816	2147874931	2017-06-22	When you try to block someone but end up accidentally pressing the follow buttonğŸ˜… This Tylenol3 is kicking my ass. Goodnight y'all.ğŸ˜‚ğŸ˜­ğŸ˜…ğŸ™‡ğŸ»â€â™€ï¸	87	95	Tylenol3	tylenol #3
892857925739401221	45416544	2017-08-02	Still only at a four, but I do have an epidural now.	39	47	epidural	epidural
574774568155484161	149219188	2015-03-09	I told them I will be askin for my birth control contraception soon as I push her out. Frfr	35	48	birth control	birth control
761675565929594880	1427054106	2016-08-05	10/10 recommend prenatal vitamins to any girl just to take bc my hair has grown 7 inches since March ğŸ™‚	16	33	prenatal vitamins	prenatal vitamins
677248150524919808	1465089974	2015-12-16	@elizabeth81013 I hope I get orange, orange is my fave flavor of anything lol &amp; Im not even worried about the epidural bc I kno ima want it!	114	122	epidural	epidural
825052603121811456	2397956004	2017-01-27	@gardenlites make snacking delicious! They are packed with vitamins!!!! Hey $1 off here! https://t.co/amvOGVZ8S9â€¦ https://t.co/YuMvY9Ipit	59	67	vitamins	vitamins
407419806770417665	1115191412	2013-12-02	Hahaha I took medicine to fall asleep nyquil and sleeping pills neither are working :(	38	44	nyquil	nyquil
407419806770417665	1115191412	2013-12-02	Hahaha I took medicine to fall asleep nyquil and sleeping pills neither are working :(	49	63	sleeping pills	sleeping pill
680870640849559552	15954214	2015-12-26	Pixie still has a few vaccines to get, so until then I've been getting creative on ways to show her around her new world safely... ğŸ’•ğŸ¶âœ¨	22	30	vaccines	vaccines
596665693874982913	454565608	2015-05-08	No first thing in the morning and still have this migraine!!! It's been now 4 days and nothing is working! Including a blood patch	119	130	blood patch	blood patch
806164604963459072	101829949	2016-12-06	Holy shit I need my freaking anxiety medsğŸ˜©	29	41	anxiety meds	anxiety medication
736683082959331330	1427054106	2016-05-28	I mean, hate all your want on people getting pregnant but little does everyone know that I was actually on birth control ğŸ™ƒ	107	120	birth control	birth control
651889815512707072	1281733922	2015-10-07	Ya know that commercial for like DayQuil I think where they're like mom's don't take sick days that's me, the bad mom.	33	40	DayQuil	dayquil
661458824516210688	1233824210	2015-11-03	The worst pary about being ill is when your doctor puts you on steroids that make you feel sickğŸ˜­	63	71	steroids	steroids
576066090868015104	1106419609	2015-03-12	@KyNaBoutique I am. We are going through 14pts a week &amp; I'm pretty much the only person who has any. And orange Rennies. It's just blurgh.	116	123	Rennies	rennie
486297619250290688	1025811572	2014-07-07	prenatals have done wonders to my hair	0	9	prenatals	prenatals
497483190479515648	124393044	2014-08-07	@doritmi @KathyMcGrath4 Got my Tdap at 37 weeks... Hope it wasn't too late. Article states 27-36 weeks. ğŸ˜	31	35	Tdap	Tdap vaccine
735212614989557760	431145629	2016-05-24	Oaklee's heartbeat was 142 today,and I have finally managed to gain 3 pounds.Thank god for Zantac that keeps me from heartburn and pukingğŸ˜ŠğŸ’š	91	97	Zantac	zantac
847073924064137216	51921787	2017-03-29	Got my whooping cough vaccine yesterday and now my arm is sore.	7	29	whooping cough vaccine	whooping cough vaccine
868784211737456640	21343364	2017-05-28	Got myself a new bff! I'm now sat on my bed on an insulin drip. Would've liked a little wanderâ€¦ https://t.co/A9bdl5F4FY	50	62	insulin drip	insulin drip
798626411560910848	1143892999	2016-11-15	So I'm just about to drink castor oil again because at this point I'm tired	27	37	castor oil	castor oil
